subject_id,enrolled_survey,actual_attendance
1,875,773
1,104,104
1,444,387
1,396,389
1,823,746
2,665,465
2,625,438
2,433,303
2,629,440
3,213,197
3,766,658
3,774,654
3,783,602
3,291,251
3,309,251
4,572,453
4,409,336
4,548,443
4,580,484
4,265,211
4,156,127
5,738,630
5,286,250
5,777,602
5,243,206
5,448,377
5,829,710
6,861,603
6,820,574
6,830,581
6,625,438
7,174,135
7,488,365
7,481,337
7,354,250
7,127,94
8,134,112
8,770,539
8,745,538
8,753,527
8,690,483
8,193,145
9,142,137
9,544,540
9,265,265
9,655,606
9,48,46
9,80,78
10,807,607
10,469,365
10,244,200
10,356,283
10,601,446
11,505,440
11,720,575
11,852,688
11,657,539
11,678,547
12,211,201
12,624,599
12,492,458
12,183,183
12,778,730
13,889,743
13,896,747
13,125,111
13,328,290
13,571,494
14,862,626
14,685,479
14,868,608
14,418,314
15,548,435
15,186,158
15,670,498
15,393,320
15,62,54
15,681,507
16,54,41
16,347,243
16,629,440
16,122,94
16,408,286
17,895,662
17,358,276
17,899,702
17,111,90
17,601,435
17,661,463
18,525,404
18,390,291
18,219,179
18,593,439
18,345,241
19,805,564
19,397,278
19,571,400
19,54,38
19,713,499
20,293,267
20,583,525
20,152,148
20,301,280
20,821,663
20,219,201
21,145,139
21,677,659
21,276,276
21,812,728
21,826,723
22,245,203
22,292,251
22,899,716
22,875,666
23,643,516
23,838,635
23,151,132
23,301,254
23,592,492
23,898,723
24,554,455
24,554,456
24,340,281
24,300,275
24,732,614
25,444,371
25,548,462
25,44,40
25,452,364
25,883,735
25,531,461
26,468,437
26,65,65
26,87,86
26,436,422
27,461,378
27,732,542
27,350,298
27,514,442
27,137,118
27,119,110
28,134,104
28,864,605
28,499,349
28,849,617
28,47,36
28,40,30
29,479,425
29,173,159
29,492,426
29,861,719
29,415,371
29,736,600
30,534,470
30,558,466
30,639,535
30,843,703
30,535,477
30,453,418
31,811,695
31,152,152
31,590,519
31,504,459
31,176,166
31,277,263
32,138,123
32,522,460
32,473,414
32,214,208
32,376,341
33,533,406
33,457,336
33,177,135
33,896,627
33,50,41
33,596,456
34,196,137
34,63,44
34,849,594
34,598,419
34,433,303
34,813,569
35,100,85
35,428,326
35,669,527
35,356,289
36,567,461
36,417,350
36,832,694
36,892,698
36,598,447
36,537,458
37,497,458
37,880,722
37,872,682
37,300,265
38,644,512
38,587,493
38,194,166
38,811,624
38,390,341
39,71,63
39,106,86
39,582,452
39,264,230
39,460,392
40,142,130
40,757,620
40,215,191
40,324,286
40,198,182
41,392,274
41,889,622
41,407,318
41,93,75
41,123,96
41,717,522
42,286,233
42,326,259
42,786,574
42,393,301
42,521,417
43,897,630
43,74,63
43,687,500
43,141,115
44,808,566
44,807,565
44,686,480
44,170,119
44,138,97
44,232,167
45,146,141
45,682,630
45,513,483
45,166,166
45,465,427
46,567,397
46,179,125
46,101,72
46,304,217
46,633,443
47,408,379
47,265,244
47,787,742
47,288,284
47,108,108
48,827,679
48,841,756
48,860,712
48,294,281
48,536,451
48,530,471
49,719,503
49,481,353
49,299,233
49,396,304
49,532,382
49,396,291
50,858,605
50,883,670
50,804,610
50,187,145
51,321,240
51,862,603
51,704,493
51,769,544
51,68,50
52,426,345
52,196,178
52,120,116
52,595,484
53,894,626
53,884,619
53,800,560
53,560,395
54,601,499
54,746,577
54,839,646
54,166,135
55,45,42
55,514,486
55,297,276
55,399,362
55,57,52
56,170,142
56,503,367
56,162,142
56,307,242
56,575,428
56,806,568
57,783,652
57,747,631
57,762,613
57,841,683
58,103,85
58,85,68
58,75,62
58,782,609
58,196,164
58,578,463
59,297,268
59,870,700
59,167,143
59,266,228
59,724,601
59,268,223
60,89,83
60,532,476
60,196,186
60,118,111
60,416,361
60,383,359
61,383,317
61,317,302
61,61,56
61,556,438
61,253,226
62,554,512
62,65,64
62,810,698
62,850,746
63,832,708
63,362,337
63,293,269
63,357,330
63,353,324
63,168,161
64,868,674
64,763,555
64,416,343
64,596,486
64,848,639
64,421,353
65,674,552
65,891,699
65,532,405
65,885,672
65,164,139
65,694,551
66,685,576
66,731,588
66,183,171
66,64,56
66,881,723
66,88,82
67,676,571
67,531,431
67,191,169
67,331,303
67,785,636
67,711,572
68,253,190
68,213,163
68,315,228
68,711,518
69,429,342
69,245,206
69,770,604
69,187,169
70,534,454
70,670,521
70,771,540
70,859,637
70,258,208
71,636,578
71,510,473
71,691,668
71,528,510
71,696,663
72,662,463
72,479,354
72,284,212
72,241,181
72,410,319
72,519,388
73,298,242
73,158,131
73,278,233
73,787,608
73,291,236
73,50,44
74,510,489
74,204,191
74,597,505
74,497,455
75,185,162
75,764,609
75,245,194
75,705,574
76,45,36
76,616,458
76,420,342
76,334,239
77,480,352
77,249,196
77,288,227
77,873,611
77,536,375
77,885,620
78,379,318
78,183,161
78,62,59
78,733,614
78,680,569
79,733,595
79,713,648
79,97,83
79,818,660
80,548,412
80,872,650
80,792,572
80,235,184
80,569,407
80,859,639
81,567,443
81,333,280
81,333,268
81,373,288
82,84,67
82,568,484
82,336,281
82,513,441
82,600,480
83,461,418
83,674,629
83,84,81
83,449,414
83,606,594
83,423,408
84,425,382
84,202,185
84,898,716
84,697,574
84,699,599
85,754,528
85,889,622
85,833,583
85,384,269
85,159,114
86,184,160
86,169,152
86,440,376
86,814,644
86,312,266
86,596,494
87,519,467
87,309,291
87,469,458
87,258,250
87,210,205
88,323,243
88,540,424
88,822,575
88,418,323
88,707,559
88,836,620
89,506,471
89,439,397
89,323,313
89,85,78
89,312,277
89,241,224
90,195,193
90,108,100
90,531,486
90,378,351
90,797,697
91,697,488
91,419,300
91,630,441
91,633,443
91,802,561
92,42,35
92,564,418
92,788,596
92,404,329
93,74,58
93,273,204
93,243,185
93,396,277
93,178,130
93,625,440
94,748,576
94,564,479
94,509,431
94,328,282
94,441,365
95,482,396
95,476,400
95,677,592
95,833,706
95,869,707
96,768,657
96,666,578
96,589,538
96,469,423
96,229,204
97,658,461
97,199,139
97,634,444
97,495,362
98,675,617
98,86,81
98,354,334
98,743,677
98,489,458
98,692,617
99,460,324
99,788,552
99,507,355
99,423,296
100,809,749
100,295,282
100,800,705
100,763,718
100,330,320
101,474,368
101,185,145
101,792,581
101,82,68
101,344,281
101,797,597
102,681,477
102,233,171
102,575,402
102,232,174
103,168,120
103,58,42
103,804,563
103,353,252
104,404,283
104,205,157
104,782,547
104,368,279
104,645,451
105,867,607
105,552,386
105,890,623
105,565,396
105,854,598
105,701,491
106,601,564
106,79,76
106,806,758
106,74,73
106,744,674
107,548,474
107,568,477
107,255,223
107,517,435
107,42,38
107,575,523
108,145,111
108,375,290
108,800,560
108,243,188
109,259,189
109,449,340
109,342,239
109,347,251
110,161,150
110,423,345
110,399,349
110,719,599
110,227,211
110,308,262
111,483,374
111,400,309
111,649,470
111,852,596
112,707,495
112,459,339
112,449,314
112,689,482
112,394,280
112,462,346
113,292,226
113,333,271
113,862,603
113,512,371
114,646,552
114,443,373
114,789,709
114,294,276
114,422,382
114,136,132
115,804,563
115,652,456
115,532,372
115,111,78
116,216,196
116,845,736
116,563,513
116,874,763
116,618,561
117,625,530
117,246,233
117,189,182
117,695,675
117,160,158
118,526,475
118,726,624
118,736,662
118,136,133
119,571,400
119,71,52
119,240,183
119,637,446
120,378,363
120,803,691
120,811,704
120,799,669
120,383,371
120,886,789
121,678,549
121,432,375
121,491,425
121,506,451
122,839,587
122,860,602
122,656,459
122,900,630
123,798,572
123,532,372
123,41,32
123,670,469
123,228,172
124,614,440
124,529,419
124,211,167
124,639,469
124,456,350
124,534,399
125,201,161
125,880,671
125,772,551
125,579,470
125,577,417
125,153,122
126,442,375
126,442,389
126,607,479
126,409,350
126,666,569
127,647,509
127,509,416
127,623,531
127,508,421
128,645,516
128,450,381
128,641,561
128,762,598
128,235,207
128,619,517
129,773,541
129,170,124
129,318,241
129,554,396
129,370,259
130,208,193
130,88,87
130,183,179
130,697,641
130,149,145
131,58,54
131,278,270
131,664,635
131,176,167
131,364,347
132,330,257
132,770,554
132,693,514
132,206,157
132,688,500
133,838,692
133,839,695
133,213,204
133,576,529
133,593,545
133,173,159
134,131,129
134,359,311
134,333,302
134,264,248
134,238,229
134,542,466
135,467,352
135,612,486
135,214,170
135,291,228
135,724,509
135,166,126
136,179,168
136,158,154
136,641,573
136,730,628
137,664,543
137,789,667
137,766,570
137,49,44
137,298,259
138,870,686
138,67,58
138,827,682
138,305,264
138,378,305
138,592,472
139,78,64
139,350,275
139,241,201
139,708,496
139,378,305
140,686,480
140,64,47
140,556,389
140,84,66
140,188,132
140,669,468
141,41,41
141,751,698
141,204,195
141,403,399
141,669,624
141,771,700
142,361,348
142,536,511
142,162,159
142,563,545
142,120,119
143,253,216
143,577,450
143,713,559
143,427,337
144,85,75
144,742,575
144,825,681
144,448,365
144,694,569
145,494,451
145,828,670
145,438,398
145,636,558
145,564,504
145,835,715
146,86,61
146,395,276
146,176,127
146,412,288
147,845,592
147,258,193
147,708,496
147,170,126
148,450,315
148,399,279
148,374,262
148,453,317
148,459,330
149,643,581
149,213,209
149,148,148
149,463,429
150,423,328
150,766,590
150,758,548
150,590,452
150,81,67
150,749,552
151,560,423
151,652,509
151,881,617
151,361,279
151,847,638
152,656,600
152,487,434
152,436,386
152,41,39
152,270,249
153,500,411
153,252,212
153,177,150
153,435,346
154,85,72
154,646,534
154,703,554
154,274,246
154,56,50
155,491,459
155,492,450
155,479,467
155,757,660
156,280,236
156,162,139
156,795,630
156,566,475
156,678,539
157,40,31
157,787,574
157,115,92
157,888,630
157,698,539
157,64,55
158,376,312
158,323,270
158,631,474
158,273,220
158,865,618
158,48,39
159,648,551
159,348,291
159,325,276
159,685,585
159,742,615
160,661,498
160,668,534
160,303,232
160,760,606
160,612,500
161,881,685
161,454,360
161,706,573
161,371,306
161,663,523
161,269,221
162,505,423
162,624,515
162,844,693
162,866,698
162,474,402
163,332,282
163,584,458
163,97,80
163,858,632
163,239,213
164,862,729
164,532,456
164,411,366
164,758,627
164,431,360
164,457,420
165,688,642
165,328,319
165,512,512
165,581,567
165,265,262
165,751,707
166,500,464
166,267,267
166,572,548
166,758,663
167,723,506
167,195,147
167,668,468
167,370,259
167,664,465
167,843,590
168,297,271
168,447,425
168,810,718
168,494,425
168,785,700
169,488,401
169,259,217
169,645,471
169,488,371
169,829,637
170,526,435
170,846,671
170,530,451
170,238,193
171,729,518
171,326,228
171,180,126
171,806,564
171,381,267
171,554,388
172,196,184
172,122,115
172,84,82
172,572,501
173,499,453
173,665,617
173,598,518
173,215,194
173,805,755
173,548,469
174,253,246
174,611,541
174,366,357
174,609,554
174,222,221
174,119,119
175,80,59
175,82,60
175,275,198
175,376,265
175,810,567
175,235,174
176,346,263
176,237,185
176,752,564
176,210,170
176,101,81
176,690,524
177,100,88
177,184,155
177,57,46
177,79,72
177,71,59
178,742,585
178,321,246
178,757,563
178,423,355
179,239,222
179,246,236
179,208,202
179,510,470
179,225,225
179,104,104
180,292,256
180,532,452
180,256,242
180,549,459
180,328,297
180,720,624
181,650,586
181,183,179
181,716,663
181,709,673
182,787,551
182,805,564
182,892,624
182,598,419
182,72,50
182,825,578
183,421,318
183,329,245
183,288,202
183,729,510
183,150,115
184,575,402
184,604,423
184,451,332
184,214,158
185,770,686
185,866,761
185,199,190
185,234,216
185,65,63
185,595,530
186,78,74
186,777,658
186,857,714
186,176,163
187,259,226
187,313,277
187,711,587
187,419,367
188,804,569
188,860,602
188,463,332
188,401,296
189,750,646
189,780,655
189,376,336
189,272,251
189,823,729
190,872,691
190,895,704
190,765,621
190,589,468
190,167,144
191,472,457
191,832,701
191,590,499
191,98,84
192,416,323
192,392,310
192,742,610
192,378,315
192,866,606
192,159,140
193,59,52
193,594,502
193,55,53
193,736,623
193,690,591
193,447,397
194,66,65
194,491,445
194,657,551
194,96,96
194,797,713
195,222,216
195,348,340
195,690,635
195,832,759
195,713,626
195,554,509
196,94,94
196,803,717
196,615,562
196,79,74
197,451,324
197,586,410
197,148,108
197,405,284
198,207,191
198,640,556
198,256,230
198,494,446
198,896,759
199,554,408
199,632,449
199,477,338
199,898,629
199,872,610
199,279,222
200,165,127
200,584,409
200,529,391
200,497,358
200,709,497
201,468,375
201,556,447
201,129,111
201,279,226
202,750,618
202,452,434
202,46,46
202,800,685
202,115,114
202,186,174
203,48,48
203,453,435
203,790,724
203,313,287
203,729,679
203,581,515
204,92,73
204,293,241
204,155,130
204,650,526
204,354,286
204,845,592
205,367,348
205,491,453
205,324,311
205,84,78
205,490,460
206,285,247
206,753,565
206,562,446
206,332,276
207,668,468
207,153,107
207,443,310
207,766,536
208,306,279
208,640,558
208,276,258
208,676,614
209,336,267
209,859,642
209,78,70
209,737,599
210,211,164
210,669,482
210,400,291
210,463,358
211,525,391
211,45,34
211,244,174
211,683,478
211,245,175
211,819,573
212,172,147
212,169,137
212,716,561
212,407,330
212,354,322
212,243,206
213,190,175
213,567,468
213,620,536
213,596,499
213,343,300
214,231,229
214,202,201
214,592,526
214,293,286
215,486,432
215,93,86
215,536,506
215,813,713
215,498,462
215,604,488
216,53,48
216,752,655
216,762,631
216,673,584
216,217,196
216,169,157
217,713,565
217,41,37
217,423,376
217,691,567
218,870,609
218,414,290
218,698,489
218,655,466
218,849,594
218,476,370
219,570,461
219,263,242
219,115,99
219,666,571
219,528,460
219,327,300
220,631,442
220,84,68
220,666,498
220,334,263
220,641,449
220,70,58
221,769,586
221,189,167
221,679,514
221,187,166
222,559,521
222,796,761
222,540,492
222,176,165
222,876,742
223,534,487
223,791,638
223,181,171
223,363,323
223,327,309
224,350,252
224,549,405
224,759,538
224,861,603
224,417,306
224,90,70
225,894,753
225,444,393
225,75,66
225,351,312
225,726,579
226,141,111
226,674,523
226,109,89
226,602,453
226,720,532
227,118,114
227,411,381
227,854,712
227,93,83
228,706,506
228,615,486
228,873,611
228,535,384
229,534,468
229,137,126
229,87,79
229,868,700
230,684,525
230,667,503
230,707,543
230,633,466
231,405,284
231,266,186
231,339,237
231,130,91
231,297,208
232,470,329
232,486,340
232,459,321
232,42,29
232,374,262
232,686,480
233,620,454
233,777,583
233,766,536
233,97,74
234,614,554
234,58,58
234,650,569
234,456,416
234,642,551
234,440,414
235,712,536
235,449,386
235,138,113
235,746,560
235,109,97
236,395,346
236,554,477
236,433,371
236,825,714
236,564,489
237,720,578
237,631,486
237,808,665
237,846,624
238,215,196
238,666,580
238,565,489
238,657,582
239,845,789
239,63,61
239,457,433
239,639,588
239,310,296
240,778,716
240,562,519
240,800,757
240,786,681
241,333,269
241,306,272
241,363,330
241,384,327
241,459,398
241,888,713
242,70,59
242,435,340
242,900,651
242,632,510
242,430,324
242,442,348
243,795,632
243,613,502
243,441,357
243,180,148
243,153,130
243,425,343
244,336,257
244,140,107
244,321,243
244,61,47
244,108,85
245,393,393
245,692,657
245,514,480
245,536,516
245,73,71
246,647,598
246,825,724
246,805,679
246,112,105
247,705,619
247,337,300
247,341,303
247,734,623
247,562,480
248,688,506
248,497,348
248,713,511
248,53,43
249,368,258
249,159,111
249,578,405
249,53,38
250,203,179
250,103,86
250,632,496
250,316,281
251,601,449
251,72,56
251,371,266
251,756,543
251,687,493
252,85,76
252,501,424
252,302,265
252,321,275
252,316,284
252,152,138
253,815,570
253,737,516
253,663,464
253,649,473
254,742,519
254,819,633
254,610,500
254,695,534
255,853,681
255,721,607
255,272,257
255,162,157
255,831,675
256,97,79
256,535,423
256,886,620
256,740,539
257,722,610
257,226,197
257,664,522
257,880,736
257,435,369
257,340,292
258,670,503
258,329,252
258,736,515
258,228,181
258,87,70
258,763,547
259,467,377
259,665,497
259,552,423
259,430,348
260,229,225
260,776,660
260,440,414
260,643,570
260,638,584
261,593,545
261,111,111
261,408,387
261,838,754
262,515,472
262,818,672
262,615,563
262,550,509
262,359,346
263,846,648
263,362,283
263,626,451
263,119,97
263,373,285
263,570,428
264,260,235
264,368,335
264,625,582
264,610,553
265,710,578
265,846,676
265,490,448
265,847,650
265,369,314
265,65,60
266,689,482
266,551,395
266,462,378
266,405,284
266,126,94
267,273,271
267,729,665
267,113,113
267,367,358
267,117,117
267,67,65
268,767,537
268,370,273
268,535,432
268,286,221
268,701,500
268,592,448
269,218,182
269,70,58
269,615,475
269,735,558
269,587,435
269,325,251
270,612,570
270,322,314
270,423,402
270,79,75
271,528,453
271,245,236
271,191,171
271,399,342
271,853,651
271,559,487
272,388,364
272,254,250
272,148,142
272,846,719
272,737,658
273,771,675
273,157,156
273,308,298
273,626,588
273,606,574
274,476,380
274,675,520
274,352,292
274,728,576
274,517,426
274,898,679
275,574,441
275,395,321
275,66,55
275,423,363
275,794,605
276,834,713
276,623,525
276,446,398
276,307,265
277,436,411
277,884,725
277,340,309
277,497,442
277,326,316
278,337,269
278,403,297
278,615,430
278,507,359
278,508,397
279,529,424
279,263,220
279,189,154
279,636,507
279,265,237
279,493,415
280,429,304
280,593,415
280,512,358
280,882,617
281,485,340
281,265,194
281,790,553
281,75,60
281,402,288
281,146,102
282,174,122
282,895,626
282,411,288
282,875,612
282,153,107
283,524,367
283,305,220
283,66,55
283,509,365
284,841,604
284,451,344
284,493,345
284,163,133
284,706,494
284,493,361
285,646,545
285,99,90
285,554,488
285,754,655
286,835,628
286,389,297
286,155,116
286,70,53
287,874,612
287,257,190
287,58,42
287,727,509
288,591,414
288,468,328
288,861,603
288,360,260
288,194,136
288,712,498
289,183,183
289,92,92
289,495,470
289,728,654
290,240,180
290,646,453
290,501,377
290,754,549
290,414,320
291,724,642
291,467,425
291,146,145
291,520,471
291,289,271
292,292,224
292,550,401
292,550,389
292,177,139
293,630,491
293,467,329
293,283,236
293,319,231
294,194,180
294,401,346
294,70,70
294,605,541
294,233,206
295,323,269
295,790,560
295,733,513
295,514,392
296,728,640
296,177,175
296,429,395
296,245,245
296,427,409
296,146,146
297,449,395
297,339,315
297,145,129
297,72,63
298,679,477
298,109,83
298,263,184
298,551,412
299,604,533
299,176,151
299,64,59
299,666,528
300,853,672
300,445,384
300,682,548
300,156,130
300,107,94
301,129,104
301,476,362
301,265,200
301,801,622
302,772,623
302,331,285
302,625,531
302,649,548
303,163,121
303,162,123
303,499,349
303,265,205
303,534,374
303,747,523
304,135,114
304,40,36
304,393,334
304,670,535
304,402,307
305,513,492
305,412,393
305,432,429
305,237,235
305,691,593
306,829,580
306,613,429
306,210,147
306,372,260
306,567,397
306,173,123
307,352,310
307,702,580
307,69,66
307,811,718
308,601,477
308,872,649
308,665,519
308,852,661
308,366,310
309,97,96
309,371,335
309,861,735
309,148,146
310,894,641
310,511,393
310,40,31
310,805,596
310,852,613
311,267,187
311,426,298
311,703,492
311,318,223
312,875,612
312,313,222
312,356,256
312,504,353
313,435,341
313,390,297
313,831,618
313,282,213
314,62,46
314,326,239
314,106,83
314,766,536
315,192,172
315,130,110
315,604,506
315,107,91
316,216,176
316,753,572
316,594,472
316,130,104
316,530,450
316,651,522
317,304,224
317,699,498
317,225,171
317,737,551
318,844,703
318,125,115
318,57,54
318,773,681
318,791,691
319,881,617
319,658,472
319,221,155
319,874,612
319,579,405
320,72,52
320,192,135
320,99,69
320,458,330
320,858,601
321,369,277
321,787,551
321,141,111
321,246,187
321,90,69
321,220,169
322,563,422
322,188,133
322,414,321
322,274,213
322,126,100
323,261,193
323,880,620
323,775,558
323,292,241
323,112,89
324,683,483
324,45,36
324,119,90
324,887,655
324,382,324
324,684,487
325,171,120
325,420,294
325,129,90
325,694,486
325,692,484
326,219,168
326,270,214
326,383,282
326,252,207
326,166,133
327,136,118
327,83,75
327,747,672
327,518,451
327,289,255
327,308,265
328,50,35
328,655,458
328,641,449
328,468,328
328,492,344
328,778,545
329,384,293
329,511,358
329,786,550
329,328,234
330,571,423
330,758,555
330,693,516
330,683,478
330,695,519
330,172,143
331,263,237
331,506,468
331,756,652
331,172,153
331,298,282
332,387,295
332,64,50
332,639,500
332,567,429
332,115,89
333,274,220
333,900,660
333,764,535
333,43,34
334,255,204
334,494,380
334,523,383
334,512,396
335,657,493
335,551,428
335,683,478
335,552,442
335,84,64
336,764,695
336,330,321
336,696,604
336,483,455
336,337,324
336,592,558
337,168,168
337,557,513
337,235,227
337,292,276
338,326,298
338,783,650
338,163,155
338,179,161
338,566,491
339,880,616
339,420,341
339,465,359
339,80,65
340,289,202
340,398,311
340,71,57
340,258,187
340,540,378
340,899,629
341,147,125
341,812,589
341,452,326
341,523,392
342,278,195
342,136,106
342,814,570
342,693,485
343,272,201
343,501,384
343,149,124
343,227,180
343,559,416
343,486,356
344,106,75
344,845,592
344,509,356
344,630,441
344,613,429
345,192,171
345,785,670
345,580,469
345,768,615
345,318,278
346,851,619
346,567,443
346,737,527
346,881,732
346,53,44
346,305,263
347,109,100
347,599,518
347,662,561
347,286,255
348,281,197
348,345,241
348,574,402
348,529,370
348,521,365
348,424,297
349,881,625
349,113,89
349,139,112
349,723,506
350,816,571
350,377,305
350,709,550
350,388,323
350,129,118
350,44,36
351,404,283
351,830,581
351,533,392
351,410,305
351,613,429
352,296,247
352,78,70
352,67,60
352,348,314
352,836,718
353,538,513
353,767,713
353,550,515
353,232,232
354,526,370
354,56,42
354,650,463
354,90,72
354,378,288
354,214,168
355,684,491
355,807,581
355,526,396
355,536,400
356,643,450
356,195,153
356,786,550
356,826,578
356,777,544
357,509,357
357,893,625
357,531,374
357,148,113
358,686,584
358,84,73
358,164,145
358,236,227
358,521,482
359,840,685
359,645,545
359,103,94
359,183,167
359,637,536
359,199,178
360,419,357
360,135,134
360,559,513
360,262,244
360,454,412
361,206,176
361,151,134
361,629,498
361,54,44
362,552,538
362,498,489
362,288,288
362,851,759
363,338,311
363,511,468
363,439,404
363,534,523
363,782,706
364,870,609
364,55,43
364,456,336
364,398,307
364,71,56
364,429,336
365,881,653
365,54,43
365,899,629
365,597,448
366,579,438
366,109,92
366,180,141
366,571,433
366,829,614
367,648,483
367,522,407
367,183,147
367,312,249
367,637,459
368,333,297
368,177,148
368,636,488
368,411,342
369,612,509
369,511,447
369,329,278
369,286,256
370,775,547
370,198,139
370,626,438
370,596,417
371,302,272
371,670,590
371,319,285
371,544,474
372,756,592
372,281,210
372,73,59
372,621,442
373,469,396
373,851,666
373,485,387
373,139,118
373,642,495
373,309,272
374,378,265
374,619,437
374,613,431
374,272,194
374,170,124
375,360,341
375,270,259
375,318,312
375,626,584
375,269,254
376,160,112
376,359,258
376,197,140
376,782,547
377,616,451
377,606,437
377,72,58
377,83,65
377,812,568
378,736,515
378,149,108
378,471,330
378,215,150
379,283,243
379,694,550
379,290,237
379,627,483
380,665,579
380,105,103
380,469,441
380,250,233
380,270,254
381,589,412
381,133,100
381,512,358
381,626,443
381,499,359
381,619,433
382,773,628
382,136,124
382,229,212
382,334,307
382,763,606
382,474,435
383,567,397
383,452,320
383,863,604
383,357,253
383,52,37
384,303,238
384,509,396
384,280,227
384,186,150
384,475,353
385,118,83
385,779,545
385,735,514
385,732,512
385,159,118
386,183,158
386,448,383
386,293,259
386,406,343
386,220,189
387,526,468
387,273,243
387,142,131
387,375,345
388,79,79
388,185,165
388,681,591
388,374,354
389,453,326
389,741,519
389,463,326
389,57,42
390,471,352
390,380,290
390,463,371
390,778,557
390,450,342
391,282,206
391,409,295
391,302,242
391,632,442
392,243,207
392,98,82
392,589,438
392,599,461
392,290,235
393,113,96
393,788,595
393,91,79
393,892,651
393,140,113
394,808,584
394,408,298
394,51,39
394,843,590
394,554,390
395,161,142
395,325,287
395,231,207
395,598,531
396,406,394
396,71,70
396,170,170
396,431,410
397,837,604
397,247,205
397,873,611
397,699,508
397,555,394
397,823,622
398,567,410
398,857,604
398,615,458
398,597,444
398,734,514
398,97,86
399,424,395
399,748,694
399,587,571
399,831,732
400,525,423
400,291,251
400,165,162
400,355,326
400,620,558
400,219,206
401,215,193
401,754,625
401,87,82
401,570,485
402,280,263
402,617,516
402,363,337
402,430,379
402,609,539
402,688,601
403,142,105
403,814,570
403,361,266
403,670,469
403,111,82
404,859,657
404,411,344
404,146,138
404,159,142
404,411,370
405,539,388
405,229,166
405,767,540
405,240,178
405,865,606
406,697,533
406,333,308
406,824,685
406,316,286
407,353,282
407,667,522
407,410,335
407,568,434
408,630,596
408,250,245
408,542,537
408,279,274
408,890,804
408,881,824
409,801,657
409,714,620
409,418,351
409,363,316
409,697,611
409,841,700
410,159,118
410,186,130
410,429,300
410,250,176
410,336,235
410,812,568
411,763,534
411,573,401
411,774,542
411,394,277
411,774,542
412,511,485
412,442,438
412,405,405
412,111,102
413,311,220
413,614,430
413,588,444
413,269,191
413,178,136
414,271,245
414,401,349
414,169,149
414,498,402
414,268,213
415,610,427
415,171,129
415,433,303
415,230,168
415,208,146
416,879,618
416,388,293
416,488,342
416,483,361
417,355,317
417,280,239
417,767,687
417,510,447
417,724,575
417,683,570
418,553,387
418,43,34
418,317,237
418,222,163
418,335,234
418,834,584
419,621,486
419,194,153
419,808,597
419,464,358
419,706,513
419,195,153
420,322,231
420,97,79
420,745,522
420,606,438
420,844,591
421,162,138
421,319,262
421,622,508
421,687,523
422,242,198
422,349,303
422,641,540
422,685,562
423,892,628
423,344,256
423,256,190
423,771,554
424,469,328
424,419,305
424,342,249
424,894,626
425,473,332
425,174,134
425,507,381
425,278,198
426,311,232
426,392,274
426,289,214
426,509,356
426,737,516
426,895,626
427,409,379
427,277,257
427,776,649
427,667,526
427,708,625
427,637,533
428,77,67
428,170,146
428,832,682
428,645,501
429,481,385
429,741,561
429,783,603
429,431,349
429,573,401
430,230,177
430,587,411
430,149,114
430,579,405
430,198,142
431,524,367
431,242,176
431,445,312
431,201,141
431,737,516
432,516,455
432,110,108
432,787,691
432,427,383
433,171,163
433,882,799
433,127,121
433,102,101
433,182,178
433,190,182
434,890,733
434,369,332
434,819,641
434,75,70
434,488,383
434,506,420
435,560,396
435,72,60
435,541,390
435,792,601
436,154,125
436,165,139
436,786,563
436,846,592
437,100,76
437,353,256
437,514,367
437,150,105
437,365,255
438,428,319
438,51,40
438,255,196
438,55,43
