subject_id,subject_avg_rate
1,0.9287626559130813
2,0.699835056470691
3,0.8454216992651808
4,0.8111133054633525
5,0.8413778711079162
6,0.7002871080139372
7,0.7341617517683693
8,0.7348551801986384
9,0.9693266607076475
10,0.777426516349147
11,0.8209180751768207
12,0.9563480366704781
13,0.8613542177872843
14,0.719286293045597
15,0.8027086776654265
16,0.7261085383194159
17,0.7544234169411898
18,0.7543767039608398
19,0.7009923704952016
20,0.9068423553962438
21,0.9407774378982662
22,0.8114359540607198
23,0.8190790801187994
24,0.845267880247915
25,0.8489357935996908
26,0.9725390847860003
27,0.8429046902418671
28,0.7364074111525026
29,0.869410454545919
30,0.8667955836994855
31,0.9233303853946594
32,0.9053344365036985
33,0.7574241932268393
34,0.6995589802613025
35,0.8028057239125416
36,0.8115672590761182
37,0.851856786395325
38,0.8268688631417387
39,0.8397326070080101
40,0.8849590952823483
41,0.7491569676550608
42,0.7811461851117711
43,0.774274340800059
44,0.7038422594973799
45,0.9498614256150828
46,0.7050058975817406
47,0.9557216470694788
48,0.8722926990145109
49,0.7388841778444202
50,0.749503159812714
51,0.7180379893004298
52,0.8745336162634068
53,0.7014517752118916
54,0.7967396405329622
55,0.9255400853271014
56,0.7797992793076398
57,0.8234993266493476
58,0.8114090866318634
59,0.8470974892125435
60,0.9203506576444144
61,0.875888166338094
62,0.9120446410331029
63,0.9167566014850808
64,0.789310431373112
65,0.7942687023720948
66,0.8678593719178166
67,0.8452111723374275
68,0.742151804552682
69,0.8315445059142538
70,0.7751899630192598
71,0.9442932431155541
72,0.7435986594411833
73,0.8238124205802402
74,0.9141217860914626
75,0.8197043065952103
76,0.7683402675169142
77,0.7347922770068523
78,0.8689725281306664
79,0.8457711448052907
80,0.7436028052914594
81,0.7997671806876454
82,0.8291380740583854
83,0.9451717787080488
84,0.8584920806184332
85,0.7034619423122429
86,0.8493494850136676
87,0.9526566922116299
88,0.7570065660589841
89,0.9231877429973084
90,0.9268049334199941
91,0.7030954388966546
92,0.7862924246037305
93,0.7376975719351916
94,0.8307046204873847
95,0.8394953650909276
96,0.8858995704808172
97,0.7076822384433752
98,0.9231386844666526
99,0.7012040680848866
100,0.9347471633940483
101,0.7814881132212513
102,0.7208691357040279
103,0.7131383553422828
104,0.7246428358409446
105,0.7001563017365555
106,0.9466616743321419
107,0.8724969686703444
108,0.7531282815382432
109,0.7272853464793472
110,0.8725388118931914
111,0.742637175439812
112,0.716196269420542
113,0.7529829386076425
114,0.9016097443122956
115,0.7003965205724612
116,0.8940736159629763
117,0.9433680912180824
118,0.9099859138840452
119,0.7238941865284972
120,0.897564805456777
121,0.858668716180288
122,0.6998343883543126
123,0.7301827740081912
124,0.7581393743275869
125,0.7681765403545823
126,0.845546743266666
127,0.8212660723549665
128,0.8371179558139034
129,0.7203890955726499
130,0.957494617016945
131,0.9521486290413026
132,0.7457702496695497
133,0.8947371350700486
134,0.9198820678479734
135,0.7646395778357364
136,0.9168551898925805
137,0.8348714004322734
138,0.8247657060630195
139,0.7895390562244772
140,0.7201862095626267
141,0.9526719089306894
142,0.971704739190782
143,0.8017223352622451
144,0.8234713940536398
145,0.8763454909379149
146,0.7071641345252716
147,0.7225987934549638
148,0.7037032754946354
149,0.9528408787249268
150,0.766474779319157
151,0.7524944900918339
152,0.9129134825775476
153,0.826532441809765
154,0.8504805562930804
155,0.9240678634432228
156,0.82550850599646
157,0.7742321221148059
158,0.7916168015315487
159,0.8437203753296704
160,0.7865687167601332
161,0.802881601035368
162,0.8276280414701089
163,0.8172393118926449
164,0.8624737106889281
165,0.9686158036054104
166,0.940178035684632
167,0.7090815374186925
168,0.9003408590339603
169,0.7836866533021407
170,0.8205020429326926
171,0.7018081984634857
172,0.933365765772089
173,0.8996515186886942
174,0.9563931792880974
175,0.7224033471717696
176,0.7769384369391131
177,0.8543574337527448
178,0.7844333934211549
179,0.9634903933312984
180,0.8799781557054511
181,0.9387206127982325
182,0.699336525615629
183,0.7335338604075794
184,0.7184803061233458
185,0.9179166403200921
186,0.8887100039193097
187,0.8647659089652966
188,0.7157321728104011
189,0.8806543560210146
190,0.8095261178467972
191,0.8784184962283479
192,0.8004944318673558
193,0.8802070746876937
194,0.9248854953471641
195,0.9298811442527004
196,0.935857904474973
197,0.7122566370936192
198,0.8879650072785085
199,0.7251976938519107
200,0.726095821577484
201,0.8189349610968505
202,0.9278692016573785
203,0.9352448587435861
204,0.7954076042142365
205,0.9396118578925516
206,0.8104795698083482
207,0.699864594345978
208,0.906676584561661
209,0.8130534598879537
210,0.7496119133105528
211,0.7212008692418168
212,0.8361622599227522
213,0.8645698953337602
214,0.9627535562057662
215,0.8950510926099332
216,0.8841218682428257
217,0.8510760520954158
218,0.7149106844747827
219,0.8726323762544558
220,0.7623685983467497
221,0.8225806521694166
222,0.9167389384480774
223,0.8996143295866597
224,0.7297452469976967
225,0.8587653128751359
226,0.7742185557907049
227,0.9048264414651704
228,0.7311500613168552
229,0.8776525283734558
230,0.7564694199151734
231,0.6999868865572949
232,0.698275714539998
233,0.73630132904257
234,0.9148516650091079
235,0.8143832525265756
236,0.8652497904978423
237,0.7833980636068125
238,0.8834575630924448
239,0.9448983741261898
240,0.9141145603787331
241,0.8545634050382825
242,0.7825967309573892
243,0.8170616565407562
244,0.768740970555357
245,0.9637126824571893
246,0.8957049651986568
247,0.8719302636072623
248,0.740919280078812
249,0.704218334416718
250,0.8476938720592125
251,0.7355427747558314
252,0.8802058682281517
253,0.7070462295093091
254,0.7650930360560924
255,0.873301622965562
256,0.7583099600105663
257,0.8410273947245351
258,0.7552993788119614
259,0.7825639020946858
260,0.9151574961783255
261,0.9418365993803415
262,0.9085421495102428
263,0.7663751662302362
264,0.912982404462964
265,0.8448107385317475
266,0.7363782242751299
267,0.9750847650739152
268,0.7480326071168779
269,0.7847231868841278
270,0.9515623817648466
271,0.868006330218629
272,0.9249092476808143
273,0.9446282532352838
274,0.7949255319285763
275,0.8068810015986863
276,0.8632953900961349
277,0.9060561991895255
278,0.7447924258312559
279,0.8310205711850616
280,0.7018053274553497
281,0.7246924078278711
282,0.7000191339468216
283,0.7430297065124919
284,0.738109731528049
285,0.875577712777418
286,0.7552804765647883
287,0.7159509816158032
288,0.7040670165713521
289,0.9619616494616494
290,0.7409593941703265
291,0.9266881499993845
292,0.7471994146245365
293,0.7604805149730566
294,0.9138025984042699
295,0.7510468964259591
296,0.9577354663489701
297,0.8933978629144343
298,0.7278306852789163
299,0.8637681673432915
300,0.833217230705227
301,0.774488017881859
302,0.8404994930013017
303,0.7291804419170265
304,0.8313012545415417
305,0.9511482230675037
306,0.7015931238438421
307,0.8871852851532729
308,0.7882421038575159
309,0.9332001760725175
310,0.7441877421705392
311,0.7002551655979206
312,0.7070479240349381
313,0.7611119917302394
314,0.739455522386395
315,0.8575507033944166
316,0.8033259475373349
317,0.7392284915035068
318,0.8909735483536757
319,0.7037467828795464
320,0.7086614274250737
321,0.7555082834343017
322,0.7606776268084328
323,0.7567988757948607
324,0.7603461316022345
325,0.6998277908651046
326,0.7837283398335877
327,0.8807098054086007
328,0.7000434152473706
329,0.7191920246755485
330,0.7492659747146009
331,0.9048638682336809
332,0.7713046630718663
333,0.7568031239714618
334,0.7687454611891456
335,0.7579266028374487
336,0.9327083523291115
337,0.9580420780642437
338,0.8924207334038773
339,0.7741119431643625
340,0.7346097286225494
341,0.7616176301908306
342,0.7202380034320364
343,0.7678833826053201
344,0.7014772725375898
345,0.8455487921693072
346,0.7911839157454228
347,0.8803115582030208
348,0.7000745297422486
349,0.7506622037345847
350,0.8083164460508644
351,0.7159388037362481
352,0.8777136540341839
353,0.9548727656943901
354,0.752113539402726
355,0.734226764689514
356,0.7168183960143872
357,0.7172770567760941
358,0.898302854915641
359,0.8702572879742069
360,0.9202236251397
361,0.837083468694166
362,0.9621143209736713
363,0.9276914024053381
364,0.7603277080973196
365,0.7468961327140519
366,0.7765633681573328
367,0.7693969235396999
368,0.831865617446933
369,0.8616361063866078
370,0.7017928985863537
371,0.8864999309731134
372,0.7625935388748578
373,0.8208507200869253
374,0.7105564306721851
375,0.9529517646823209
376,0.7072028355429976
377,0.7482920888385355
378,0.705717959228619
379,0.8096851889918039
380,0.9329336641770263
381,0.712868511351109
382,0.8801774215809955
383,0.7056494057371212
384,0.7847596823872109
385,0.7087832731955649
386,0.8612352464188394
387,0.9055947354204196
388,0.9265643414386612
389,0.7152493585965036
390,0.757547633318775
391,0.7381148598656486
392,0.8024361353534065
393,0.8019458034666579
394,0.7243445623229885
395,0.8872820657603266
396,0.976908736199902
397,0.7406506330354296
398,0.7505321074922494
399,0.928255111501068
400,0.9015040919033751
401,0.8799982035156981
402,0.8906607336374427
403,0.7230526327931813
404,0.8680712716685661
405,0.7182057658056757
406,0.8565011945071893
407,0.7906583072375535
408,0.9562595146493198
409,0.8512941503996864
410,0.7072126577217821
411,0.7006513798952122
412,0.9647471297350427
413,0.7273810781298093
414,0.8516090139831908
415,0.7173025755123672
416,0.7266144979857319
417,0.8579082703053614
418,0.7285220695111855
419,0.7654876465904454
420,0.7311009358061025
421,0.8127924137733125
422,0.8373120785352421
423,0.7272391905166311
424,0.7138944644803698
425,0.7339317991778196
426,0.7140720605546234
427,0.8664828599132747
428,0.8313522810124212
429,0.7674372045400019
430,0.7302979657480426
431,0.7060812449382807
432,0.9096436050349809
433,0.9563301274477083
434,0.8423658683614228
435,0.7550504550389023
436,0.7675402836926306
437,0.7195700767353408
438,0.7700216152731272
